GEO.id,GEO.id2,GEO.display-label,HD01_VD01,HD02_VD01,HD01_VD02,HD02_VD02,HD01_VD03,HD02_VD03
Id,Id2,Geography,Estimate; Total:,Margin of Error; Total:,Estimate; Total: - Owner occupied,Margin of Error; Total: - Owner occupied,Estimate; Total: - Renter occupied,Margin of Error; Total: - Renter occupied
0500000US01003,01003,"Baldwin County, Alabama",61410,2659,46688,2616,14722,2331
0500000US01015,01015,"Calhoun County, Alabama",34281,1378,26333,1499,7948,1461
0500000US01043,01043,"Cullman County, Alabama",28790,1244,22062,1569,6728,1293
0500000US01049,01049,"DeKalb County, Alabama",21469,1239,15735,1188,5734,1301
0500000US01051,01051,"Elmore County, Alabama",22394,1115,18864,1130,3530,979
0500000US01055,01055,"Etowah County, Alabama",32614,1277,23025,1360,9589,1541
0500000US01069,01069,"Houston County, Alabama",28099,664,21074,710,7025,687
0500000US01073,01073,"Jefferson County, Alabama",139879,2704,103467,2624,36412,2682
0500000US01077,01077,"Lauderdale County, Alabama",33605,1077,23786,1267,9819,1159
0500000US01081,01081,"Lee County, Alabama",40181,1794,25778,1494,14403,1961
0500000US01083,01083,"Limestone County, Alabama",25458,1142,20501,1406,4957,1024
0500000US01089,01089,"Madison County, Alabama",97266,2040,75645,2299,21621,1931
0500000US01095,01095,"Marshall County, Alabama",31214,995,22046,1231,9168,1123
0500000US01097,01097,"Mobile County, Alabama",92702,1931,71201,2037,21501,1766
0500000US01101,01101,"Montgomery County, Alabama",35657,1214,26216,1281,9441,1458
0500000US01103,01103,"Morgan County, Alabama",36326,1385,26697,1713,9629,1608
0500000US01115,01115,"St. Clair County, Alabama",28088,1111,22085,1375,6003,1232
0500000US01117,01117,"Shelby County, Alabama",62648,1320,51183,1616,11465,1376
0500000US01121,01121,"Talladega County, Alabama",20285,1126,15703,1184,4582,996
0500000US01125,01125,"Tuscaloosa County, Alabama",44735,1880,32514,1776,12221,1656
0500000US01127,01127,"Walker County, Alabama",22276,981,16821,1034,5455,820
0500000US02020,02020,"Anchorage Municipality, Alaska",71893,1941,47913,2274,23980,2448
0500000US02090,02090,"Fairbanks North Star Borough, Alaska",28182,1243,16867,1379,11315,1534
0500000US02170,02170,"Matanuska-Susitna Borough, Alaska",26423,686,20184,806,6239,716
0500000US04001,04001,"Apache County, Arizona",5272,472,3821,634,1451,484
0500000US04003,04003,"Cochise County, Arizona",31592,1455,22897,1302,8695,1109
0500000US04005,04005,"Coconino County, Arizona",29351,1257,18570,1258,10781,1294
0500000US04013,04013,"Maricopa County, Arizona",978977,6324,651585,8270,327392,7903
0500000US04015,04015,"Mohave County, Arizona",68225,2619,47280,2296,20945,1824
0500000US04017,04017,"Navajo County, Arizona",17400,1118,12779,1048,4621,1074
0500000US04019,04019,"Pima County, Arizona",247776,3658,164011,3324,83765,3850
0500000US04021,04021,"Pinal County, Arizona",91815,2427,69458,2828,22357,2260
0500000US04025,04025,"Yavapai County, Arizona",78909,2612,58026,2401,20883,2575
0500000US04027,04027,"Yuma County, Arizona",30316,999,23234,1039,7082,1239
0500000US05007,05007,"Benton County, Arkansas",69590,1772,48918,2027,20672,1856
0500000US05031,05031,"Craighead County, Arkansas",31674,1438,20949,1505,10725,1374
0500000US05045,05045,"Faulkner County, Arkansas",36308,1416,24188,1394,12120,1677
0500000US05051,05051,"Garland County, Arkansas",34766,1719,24708,1808,10058,1747
0500000US05069,05069,"Jefferson County, Arkansas",11151,780,8875,812,2276,684
0500000US05085,05085,"Lonoke County, Arkansas",23637,589,16786,1261,6851,1239
0500000US05119,05119,"Pulaski County, Arkansas",87716,2537,60875,2468,26841,2741
0500000US05125,05125,"Saline County, Arkansas",37132,1351,28651,1747,8481,1586
0500000US05131,05131,"Sebastian County, Arkansas",37440,1324,26450,1709,10990,1663
0500000US05143,05143,"Washington County, Arkansas",64585,2072,38446,2126,26139,2018
0500000US05145,05145,"White County, Arkansas",26632,1147,18803,1199,7829,1239
0500000US06001,06001,"Alameda County, California",231377,3401,141239,3476,90138,3663
0500000US06007,06007,"Butte County, California",68928,2002,43356,1818,25572,2004
0500000US06013,06013,"Contra Costa County, California",211331,3318,154043,3501,57288,3452
0500000US06017,06017,"El Dorado County, California",55074,1995,43546,2017,11528,1735
0500000US06019,06019,"Fresno County, California",120798,2354,77673,2621,43125,3030
0500000US06023,06023,"Humboldt County, California",43339,1331,25426,1677,17913,1598
0500000US06025,06025,"Imperial County, California",8542,876,6320,903,2222,696
0500000US06029,06029,"Kern County, California",123374,2868,80396,3124,42978,3064
0500000US06031,06031,"Kings County, California",18515,993,11155,1200,7360,1121
0500000US06033,06033,"Lake County, California",22052,1187,15283,1165,6769,1177
0500000US06037,06037,"Los Angeles County, California",1185401,9567,648355,8111,537046,9943
0500000US06039,06039,"Madera County, California",20418,1263,15662,1220,4756,929
0500000US06041,06041,"Marin County, California",85124,1895,57039,2048,28085,2413
0500000US06045,06045,"Mendocino County, California",26010,1197,16132,1311,9878,1486
0500000US06047,06047,"Merced County, California",31403,1337,18675,1657,12728,1625
0500000US06053,06053,"Monterey County, California",57409,1715,35900,1776,21509,1996
0500000US06055,06055,"Napa County, California",32809,950,23478,1267,9331,1243
0500000US06057,06057,"Nevada County, California",36444,1643,27792,1496,8652,1327
0500000US06059,06059,"Orange County, California",547894,5735,360402,5523,187492,6131
0500000US06061,06061,"Placer County, California",109444,2185,79370,2442,30074,2041
0500000US06065,06065,"Riverside County, California",346472,4627,249571,5200,96901,4759
0500000US06067,06067,"Sacramento County, California",292216,3480,179164,4013,113052,4129
0500000US06071,06071,"San Bernardino County, California",252323,3479,165728,3638,86595,3801
0500000US06073,06073,"San Diego County, California",627408,5850,379578,6295,247830,5741
0500000US06075,06075,"San Francisco County, California",179244,3275,63705,3005,115539,4286
0500000US06077,06077,"San Joaquin County, California",98128,2211,62816,2050,35312,2442
0500000US06079,06079,"San Luis Obispo County, California",81448,2229,53454,2185,27994,2350
0500000US06081,06081,"San Mateo County, California",130483,2370,87284,2412,43199,2616
0500000US06083,06083,"Santa Barbara County, California",84084,2248,52425,2026,31659,2328
0500000US06085,06085,"Santa Clara County, California",264830,3666,168596,3693,96234,3754
0500000US06087,06087,"Santa Cruz County, California",65964,1739,43791,1963,22173,2086
0500000US06089,06089,"Shasta County, California",59660,1666,37890,1644,21770,1697
0500000US06095,06095,"Solano County, California",72055,1933,46668,1998,25387,1859
0500000US06097,06097,"Sonoma County, California",144604,2350,92250,3073,52354,3257
0500000US06099,06099,"Stanislaus County, California",92037,2480,58234,2375,33803,2304
0500000US06101,06101,"Sutter County, California",18086,955,12426,920,5660,920
0500000US06107,06107,"Tulare County, California",55395,1606,38080,2020,17315,1934
0500000US06111,06111,"Ventura County, California",160807,2377,112435,2891,48372,3067
0500000US06113,06113,"Yolo County, California",42486,1494,24678,1469,17808,1622
0500000US06115,06115,"Yuba County, California",17282,1028,10447,1024,6835,1077
0500000US08001,08001,"Adams County, Colorado",96757,1963,67752,2453,29005,2434
0500000US08005,08005,"Arapahoe County, Colorado",164174,2264,117133,2464,47041,2674
0500000US08013,08013,"Boulder County, Colorado",101778,1828,67709,1891,34069,2125
0500000US08031,08031,"Denver County, Colorado",180965,3140,97864,2636,83101,3234
0500000US08035,08035,"Douglas County, Colorado",94554,1510,76149,2246,18405,2029
0500000US08041,08041,"El Paso County, Colorado",188791,3015,127879,3036,60912,3161
0500000US08059,08059,"Jefferson County, Colorado",186487,2493,135970,2677,50517,2418
0500000US08069,08069,"Larimer County, Colorado",111579,2196,72387,2286,39192,2220
0500000US08077,08077,"Mesa County, Colorado",50818,1530,34283,1871,16535,1984
0500000US08101,08101,"Pueblo County, Colorado",37205,1437,27742,1141,9463,1173
0500000US08123,08123,"Weld County, Colorado",72969,1330,55211,1771,17758,1654
0500000US09001,09001,"Fairfield County, Connecticut",235100,3392,182972,3192,52128,3110
0500000US09003,09003,"Hartford County, Connecticut",239027,2797,180525,2825,58502,2937
0500000US09005,09005,"Litchfield County, Connecticut",69147,1676,54795,1696,14352,1486
0500000US09007,09007,"Middlesex County, Connecticut",57956,1785,45018,1881,12938,1712
0500000US09009,09009,"New Haven County, Connecticut",229040,3309,167972,3668,61068,3418
0500000US09011,09011,"New London County, Connecticut",86463,2281,63097,2005,23366,2211
0500000US09013,09013,"Tolland County, Connecticut",48742,1428,37081,1744,11661,1778
0500000US09015,09015,"Windham County, Connecticut",39160,1209,29381,1498,9779,1421
0500000US10001,10001,"Kent County, Delaware",41743,1339,31017,1604,10726,1308
0500000US10003,10003,"New Castle County, Delaware",129014,2157,100845,2195,28169,2245
0500000US10005,10005,"Sussex County, Delaware",69225,2344,56435,2103,12790,1859
0500000US11001,11001,"District of Columbia, District of Columbia",113992,2428,54751,2277,59241,2954
0500000US12001,12001,"Alachua County, Florida",66582,2337,38594,2154,27988,2467
0500000US12005,12005,"Bay County, Florida",55060,1916,36133,2135,18927,1928
0500000US12009,12009,"Brevard County, Florida",180803,3363,132451,3316,48352,3531
0500000US12011,12011,"Broward County, Florida",331052,5145,240031,5197,91021,3899
0500000US12015,12015,"Charlotte County, Florida",66646,2348,54102,2184,12544,1972
0500000US12017,12017,"Citrus County, Florida",55804,2070,44706,2125,11098,1812
0500000US12019,12019,"Clay County, Florida",55986,1794,43172,2126,12814,2124
0500000US12021,12021,"Collier County, Florida",104260,3054,82894,2459,21366,2500
0500000US12023,12023,"Columbia County, Florida",18340,1010,14611,1076,3729,865
0500000US12031,12031,"Duval County, Florida",202776,3355,131783,3919,70993,3969
0500000US12033,12033,"Escambia County, Florida",81467,2410,50465,2359,31002,2346
0500000US12035,12035,"Flagler County, Florida",30945,1558,23886,1512,7059,1120
0500000US12053,12053,"Hernando County, Florida",59140,1809,46921,1923,12219,1770
0500000US12055,12055,"Highlands County, Florida",29894,1551,24250,1629,5644,1042
0500000US12057,12057,"Hillsborough County, Florida",285195,3895,192745,4339,92450,4219
0500000US12061,12061,"Indian River County, Florida",46778,2255,36304,1836,10474,1669
0500000US12069,12069,"Lake County, Florida",93146,3129,72902,3150,20244,2233
0500000US12071,12071,"Lee County, Florida",207218,4703,151314,3830,55904,3286
0500000US12073,12073,"Leon County, Florida",68615,1885,40297,1575,28318,2125
0500000US12081,12081,"Manatee County, Florida",111694,2422,85018,2621,26676,2203
0500000US12083,12083,"Marion County, Florida",104015,3035,83818,2800,20197,2358
0500000US12085,12085,"Martin County, Florida",54812,2107,44784,2130,10028,1477
0500000US12086,12086,"Miami-Dade County, Florida",145406,3209,97526,3517,47880,2812
0500000US12087,12087,"Monroe County, Florida",22574,1781,13930,1318,8644,1386
0500000US12089,12089,"Nassau County, Florida",24859,1205,19270,1225,5589,1143
0500000US12091,12091,"Okaloosa County, Florida",58627,1779,39675,1699,18952,2144
0500000US12095,12095,"Orange County, Florida",221144,4327,143415,4637,77729,4023
0500000US12097,12097,"Osceola County, Florida",37598,2424,27063,1853,10535,1865
0500000US12099,12099,"Palm Beach County, Florida",362587,4742,278843,4925,83744,3707
0500000US12101,12101,"Pasco County, Florida",154904,3388,115348,3022,39556,2680
0500000US12103,12103,"Pinellas County, Florida",326722,4565,222646,5334,104076,4781
0500000US12105,12105,"Polk County, Florida",154986,3465,117495,3445,37491,2871
0500000US12107,12107,"Putnam County, Florida",20418,1244,16224,1274,4194,1061
0500000US12109,12109,"St. Johns County, Florida",70691,2094,52979,2666,17712,2362
0500000US12111,12111,"St. Lucie County, Florida",73446,2922,56384,2755,17062,2645
0500000US12113,12113,"Santa Rosa County, Florida",49542,1865,38014,2257,11528,1898
0500000US12115,12115,"Sarasota County, Florida",156375,3512,114223,3733,42152,3179
0500000US12117,12117,"Seminole County, Florida",103229,3409,75222,3336,28007,2593
0500000US12119,12119,"Sumter County, Florida",46609,2055,41937,1860,4672,1281
0500000US12127,12127,"Volusia County, Florida",159637,3518,119930,3736,39707,2735
0500000US13013,13013,"Barrow County, Georgia",18230,1096,12545,1038,5685,965
0500000US13015,13015,"Bartow County, Georgia",30529,912,21847,1555,8682,1526
0500000US13021,13021,"Bibb County, Georgia",25303,1201,17256,1124,8047,1229
0500000US13031,13031,"Bulloch County, Georgia",18318,1202,10434,903,7884,1219
0500000US13045,13045,"Carroll County, Georgia",30346,1393,19478,1399,10868,1732
0500000US13047,13047,"Catoosa County, Georgia",22293,1243,17313,1349,4980,1058
0500000US13051,13051,"Chatham County, Georgia",58171,1609,36848,1862,21323,2063
0500000US13057,13057,"Cherokee County, Georgia",69778,1889,52229,2377,17549,2052
0500000US13059,13059,"Clarke County, Georgia",26534,1554,10220,816,16314,1524
0500000US13063,13063,"Clayton County, Georgia",11923,1040,9071,731,2852,754
0500000US13067,13067,"Cobb County, Georgia",159815,2873,118413,3040,41402,2959
0500000US13073,13073,"Columbia County, Georgia",33276,1461,27681,1657,5595,1237
0500000US13077,13077,"Coweta County, Georgia",37594,1167,30374,1504,7220,1163
0500000US13089,13089,"DeKalb County, Georgia",94319,1974,66659,2302,27660,1888
0500000US13095,13095,"Dougherty County, Georgia",11055,643,7174,742,3881,875
0500000US13097,13097,"Douglas County, Georgia",22641,1289,18227,1278,4414,1119
0500000US13113,13113,"Fayette County, Georgia",27518,1037,21812,1170,5706,1152
0500000US13115,13115,"Floyd County, Georgia",27874,985,17735,1518,10139,1513
0500000US13117,13117,"Forsyth County, Georgia",54377,1310,46580,1391,7797,1070
0500000US13121,13121,"Fulton County, Georgia",178192,3512,117808,3398,60384,3135
0500000US13127,13127,"Glynn County, Georgia",22911,1182,16307,1315,6604,1165
0500000US13135,13135,"Gwinnett County, Georgia",128496,3288,102089,3737,26407,2989
0500000US13139,13139,"Hall County, Georgia",45577,1405,34072,1673,11505,1549
0500000US13151,13151,"Henry County, Georgia",35318,1720,27636,1778,7682,1431
0500000US13153,13153,"Houston County, Georgia",32887,1607,23731,1448,9156,1466
0500000US13179,13179,"Liberty County, Georgia",10170,751,4546,672,5624,910
0500000US13185,13185,"Lowndes County, Georgia",23823,1242,14643,1329,9180,1506
0500000US13215,13215,"Muscogee County, Georgia",33234,1351,20261,1281,12973,1408
0500000US13217,13217,"Newton County, Georgia",18589,1111,13927,1160,4662,1050
0500000US13223,13223,"Paulding County, Georgia",38777,1387,31449,1668,7328,1433
0500000US13245,13245,"Richmond County, Georgia",28301,1674,18273,1440,10028,1305
0500000US13247,13247,"Rockdale County, Georgia",13105,974,10094,939,3011,834
0500000US13285,13285,"Troup County, Georgia",14770,867,10208,914,4562,894
0500000US13295,13295,"Walker County, Georgia",23452,1080,16899,1298,6553,1240
0500000US13297,13297,"Walton County, Georgia",24225,899,18854,1203,5371,1061
0500000US13313,13313,"Whitfield County, Georgia",25965,1030,18248,1094,7717,1283
0500000US15001,15001,"Hawaii County, Hawaii",27505,1529,19098,1402,8407,1472
0500000US15003,15003,"Honolulu County, Hawaii",80896,2467,35974,1790,44922,2253
0500000US15007,15007,"Kauai County, Hawaii",9359,778,6414,659,2945,802
0500000US15009,15009,"Maui County, Hawaii",22602,1305,12989,1195,9613,1483
0500000US16001,16001,"Ada County, Idaho",143389,2061,99683,3307,43706,3264
0500000US16005,16005,"Bannock County, Idaho",27241,947,19913,1060,7328,1008
0500000US16019,16019,"Bonneville County, Idaho",32642,1176,24624,1265,8018,1264
0500000US16027,16027,"Canyon County, Idaho",52940,1584,35707,1835,17233,2054
0500000US16055,16055,"Kootenai County, Idaho",51893,1593,34560,2219,17333,2101
0500000US16083,16083,"Twin Falls County, Idaho",25476,985,17675,1288,7801,1129
0500000US17001,17001,"Adams County, Illinois",26011,822,18968,877,7043,840
0500000US17019,17019,"Champaign County, Illinois",59202,1651,38133,1399,21069,1826
0500000US17031,17031,"Cook County, Illinois",982656,6216,662192,7832,320464,8832
0500000US17037,17037,"DeKalb County, Illinois",31489,1284,20086,1113,11403,1408
0500000US17043,17043,"DuPage County, Illinois",252896,2418,198983,2888,53913,2968
0500000US17089,17089,"Kane County, Illinois",120399,1978,97034,2413,23365,1891
0500000US17091,17091,"Kankakee County, Illinois",32014,939,24256,1266,7758,1075
0500000US17093,17093,"Kendall County, Illinois",30444,1363,27155,1382,3289,1270
0500000US17097,17097,"Lake County, Illinois",172089,1876,140453,2456,31636,2272
0500000US17099,17099,"LaSalle County, Illinois",39657,1241,30103,1346,9554,1147
0500000US17111,17111,"McHenry County, Illinois",95995,1698,78501,2252,17494,1936
0500000US17113,17113,"McLean County, Illinois",55582,1156,38601,1282,16981,1339
0500000US17115,17115,"Macon County, Illinois",35725,1132,27693,1307,8032,976
0500000US17119,17119,"Madison County, Illinois",93807,2113,67359,2748,26448,2630
0500000US17143,17143,"Peoria County, Illinois",57682,1669,41555,1510,16127,1454
0500000US17161,17161,"Rock Island County, Illinois",47919,1156,35237,1354,12682,1444
0500000US17163,17163,"St. Clair County, Illinois",67163,1814,50988,1801,16175,1788
0500000US17167,17167,"Sangamon County, Illinois",70532,1663,52515,1931,18017,1863
0500000US17179,17179,"Tazewell County, Illinois",51854,1365,39921,1501,11933,1462
0500000US17183,17183,"Vermilion County, Illinois",25628,1087,18662,1186,6966,1122
0500000US17197,17197,"Will County, Illinois",161761,2329,139652,2787,22109,1970
0500000US17199,17199,"Williamson County, Illinois",25343,1075,18934,1175,6409,1079
0500000US17201,17201,"Winnebago County, Illinois",88526,1811,63884,2012,24642,1968
0500000US18003,18003,"Allen County, Indiana",110230,1805,82295,1952,27935,2123
0500000US18005,18005,"Bartholomew County, Indiana",27674,943,20218,1120,7456,1163
0500000US18019,18019,"Clark County, Indiana",36983,1355,26901,1430,10082,1421
0500000US18035,18035,"Delaware County, Indiana",40019,1462,27785,1320,12234,1506
0500000US18039,18039,"Elkhart County, Indiana",57963,1697,44102,1660,13861,1635
0500000US18043,18043,"Floyd County, Indiana",26708,783,19850,1040,6858,915
0500000US18053,18053,"Grant County, Indiana",22789,1153,16546,1155,6243,1153
0500000US18057,18057,"Hamilton County, Indiana",96712,1565,75612,2508,21100,2247
0500000US18059,18059,"Hancock County, Indiana",25202,1006,18646,1326,6556,1110
0500000US18063,18063,"Hendricks County, Indiana",50144,1363,38310,2189,11834,1982
0500000US18067,18067,"Howard County, Indiana",30017,1295,20679,1349,9338,1493
0500000US18081,18081,"Johnson County, Indiana",49671,1643,35832,1811,13839,1874
0500000US18085,18085,"Kosciusko County, Indiana",27451,962,20200,988,7251,1091
0500000US18089,18089,"Lake County, Indiana",104906,2108,84839,2647,20067,2141
0500000US18091,18091,"LaPorte County, Indiana",36144,1096,27025,1501,9119,1428
0500000US18095,18095,"Madison County, Indiana",46625,1296,33335,1467,13290,1599
0500000US18097,18097,"Marion County, Indiana",226779,3805,147304,3384,79475,3822
0500000US18105,18105,"Monroe County, Indiana",47059,1845,28159,1342,18900,1885
0500000US18109,18109,"Morgan County, Indiana",24803,962,18832,1118,5971,1194
0500000US18127,18127,"Porter County, Indiana",53791,1511,42676,1682,11115,1672
0500000US18141,18141,"St. Joseph County, Indiana",79637,1992,59161,2047,20476,1835
0500000US18157,18157,"Tippecanoe County, Indiana",54490,1652,31952,1574,22538,2042
0500000US18163,18163,"Vanderburgh County, Indiana",64597,1732,43398,1901,21199,1910
0500000US18167,18167,"Vigo County, Indiana",37415,1151,23606,1160,13809,1317
0500000US18177,18177,"Wayne County, Indiana",24592,988,17503,960,7089,779
0500000US19013,19013,"Black Hawk County, Iowa",45504,1113,32277,1267,13227,1396
0500000US19049,19049,"Dallas County, Iowa",25306,876,19747,987,5559,918
0500000US19061,19061,"Dubuque County, Iowa",36361,760,27477,930,8884,1027
0500000US19103,19103,"Johnson County, Iowa",47071,1286,30748,1318,16323,1494
0500000US19113,19113,"Linn County, Iowa",80039,1791,62939,2306,17100,1964
0500000US19153,19153,"Polk County, Iowa",150828,2230,106269,3074,44559,2990
0500000US19155,19155,"Pottawattamie County, Iowa",34525,878,23834,1133,10691,1171
0500000US19163,19163,"Scott County, Iowa",58404,1235,42478,1654,15926,1350
0500000US19169,19169,"Story County, Iowa",30801,1252,17823,848,12978,1402
0500000US19193,19193,"Woodbury County, Iowa",31980,997,21761,1271,10219,1231
0500000US20015,20015,"Butler County, Kansas",21744,943,16012,985,5732,881
0500000US20045,20045,"Douglas County, Kansas",38154,1462,22272,1346,15882,1578
0500000US20091,20091,"Johnson County, Kansas",187663,2112,137635,2538,50028,2368
0500000US20103,20103,"Leavenworth County, Kansas",21833,947,15679,962,6154,973
0500000US20161,20161,"Riley County, Kansas",20699,1117,9199,1011,11500,1343
0500000US20173,20173,"Sedgwick County, Kansas",144168,2074,100678,2323,43490,2652
0500000US20177,20177,"Shawnee County, Kansas",56604,1669,40218,1694,16386,1804
0500000US20209,20209,"Wyandotte County, Kansas",29572,937,21299,980,8273,895
0500000US21015,21015,"Boone County, Kentucky",39749,1287,29530,1555,10219,1464
0500000US21029,21029,"Bullitt County, Kentucky",27798,762,22310,1040,5488,917
0500000US21037,21037,"Campbell County, Kentucky",33355,1138,23116,1382,10239,1142
0500000US21047,21047,"Christian County, Kentucky",17433,950,9401,736,8032,1139
0500000US21059,21059,"Daviess County, Kentucky",35777,1104,24822,1398,10955,1464
0500000US21067,21067,"Fayette County, Kentucky",97385,1797,57847,1977,39538,2339
0500000US21093,21093,"Hardin County, Kentucky",32016,1300,21388,1384,10628,1454
0500000US21111,21111,"Jefferson County, Kentucky",223630,3721,156476,3645,67154,3689
0500000US21117,21117,"Kenton County, Kentucky",57460,1113,38389,1799,19071,1920
0500000US21145,21145,"McCracken County, Kentucky",24381,776,16846,1120,7535,1044
0500000US21151,21151,"Madison County, Kentucky",29892,930,17507,1278,12385,1438
0500000US21195,21195,"Pike County, Kentucky",25617,865,18291,1185,7326,1141
0500000US21227,21227,"Warren County, Kentucky",37869,1353,23984,1342,13885,1356
0500000US22005,22005,"Ascension Parish, Louisiana",29210,1067,23274,1433,5936,1463
0500000US22015,22015,"Bossier Parish, Louisiana",33858,1398,22997,1985,10861,1581
0500000US22017,22017,"Caddo Parish, Louisiana",48038,1882,34740,1554,13298,1660
0500000US22019,22019,"Calcasieu Parish, Louisiana",53244,1870,39056,2385,14188,1961
0500000US22033,22033,"East Baton Rouge Parish, Louisiana",84780,2217,59253,2445,25527,2649
0500000US22045,22045,"Iberia Parish, Louisiana",16735,1150,12259,1238,4476,1110
0500000US22051,22051,"Jefferson Parish, Louisiana",101272,2312,74239,2328,27033,2213
0500000US22055,22055,"Lafayette Parish, Louisiana",62269,2023,44332,2035,17937,2047
0500000US22057,22057,"Lafourche Parish, Louisiana",27792,1321,22372,1373,5420,868
0500000US22063,22063,"Livingston Parish, Louisiana",44567,1203,35614,1572,8953,1436
0500000US22071,22071,"Orleans Parish, Louisiana",53164,1737,29301,1382,23863,1626
0500000US22073,22073,"Ouachita Parish, Louisiana",36602,1232,26542,1376,10060,1580
0500000US22079,22079,"Rapides Parish, Louisiana",29639,1220,22049,1369,7590,1236
0500000US22097,22097,"St. Landry Parish, Louisiana",16904,919,14205,974,2699,714
0500000US22103,22103,"St. Tammany Parish, Louisiana",73037,1994,58734,2096,14303,2096
0500000US22105,22105,"Tangipahoa Parish, Louisiana",29685,1616,23324,1604,6361,1498
0500000US22109,22109,"Terrebonne Parish, Louisiana",28495,1402,20757,1650,7738,1460
0500000US23001,23001,"Androscoggin County, Maine",41368,1267,27898,1578,13470,1667
0500000US23003,23003,"Aroostook County, Maine",29008,833,20718,924,8290,928
0500000US23005,23005,"Cumberland County, Maine",109853,2314,77090,2590,32763,1943
0500000US23011,23011,"Kennebec County, Maine",47817,1587,34302,1777,13515,1681
0500000US23019,23019,"Penobscot County, Maine",58652,1752,40944,1663,17708,1681
0500000US23031,23031,"York County, Maine",79677,1937,58954,2146,20723,2040
0500000US24001,24001,"Allegany County, Maryland",27931,969,18785,1069,9146,1240
0500000US24003,24003,"Anne Arundel County, Maryland",152855,2656,122378,3021,30477,2744
0500000US24005,24005,"Baltimore County, Maryland",199801,2651,150203,2966,49598,2908
0500000US24009,24009,"Calvert County, Maryland",25652,968,21028,1239,4624,1066
0500000US24013,24013,"Carroll County, Maryland",56361,1318,46307,1535,10054,1292
0500000US24015,24015,"Cecil County, Maryland",32862,1264,25067,1408,7795,1343
0500000US24017,24017,"Charles County, Maryland",27020,1055,22472,1254,4548,1022
0500000US24021,24021,"Frederick County, Maryland",72340,1475,55681,1849,16659,1731
0500000US24025,24025,"Harford County, Maryland",74693,1587,60133,1992,14560,1706
0500000US24027,24027,"Howard County, Maryland",67276,1531,54753,1612,12523,1695
0500000US24031,24031,"Montgomery County, Maryland",198179,2803,148111,2617,50068,2618
0500000US24033,24033,"Prince George's County, Maryland",49457,1584,37187,1358,12270,1330
0500000US24037,24037,"St. Mary's County, Maryland",30541,1280,22942,1326,7599,1226
0500000US24043,24043,"Washington County, Maryland",48225,1458,32206,1648,16019,1521
0500000US24045,24045,"Wicomico County, Maryland",25658,1103,19013,1161,6645,1183
0500000US24510,24510,"Baltimore city, Maryland",77798,1994,46850,1758,30948,1989
0500000US25001,25001,"Barnstable County, Massachusetts",89786,2107,72969,2273,16817,1983
0500000US25003,25003,"Berkshire County, Massachusetts",51426,1464,36366,1713,15060,1427
0500000US25005,25005,"Bristol County, Massachusetts",184682,2368,120879,3310,63803,3292
0500000US25009,25009,"Essex County, Massachusetts",228592,2760,163654,3343,64938,3936
0500000US25011,25011,"Franklin County, Massachusetts",27880,973,20176,972,7704,985
0500000US25013,25013,"Hampden County, Massachusetts",123466,2284,90915,2732,32551,2736
0500000US25015,25015,"Hampshire County, Massachusetts",51939,1420,34753,1559,17186,1676
0500000US25017,25017,"Middlesex County, Massachusetts",465582,3843,315335,4170,150247,5023
0500000US25021,25021,"Norfolk County, Massachusetts",210819,2654,153266,3159,57553,3281
0500000US25023,25023,"Plymouth County, Massachusetts",158058,2844,125740,3287,32318,2623
0500000US25025,25025,"Suffolk County, Massachusetts",160645,2460,72429,2741,88216,3123
0500000US25027,25027,"Worcester County, Massachusetts",250189,3364,174264,4060,75925,3505
0500000US26005,26005,"Allegan County, Michigan",38717,1119,31990,1233,6727,1131
0500000US26017,26017,"Bay County, Michigan",39626,1258,31102,1321,8524,1085
0500000US26021,26021,"Berrien County, Michigan",49905,1586,38103,1510,11802,1508
0500000US26025,26025,"Calhoun County, Michigan",42765,1303,32127,1202,10638,1365
0500000US26037,26037,"Clinton County, Michigan",26686,741,20944,895,5742,863
0500000US26045,26045,"Eaton County, Michigan",37594,863,28892,1036,8702,953
0500000US26049,26049,"Genesee County, Michigan",125182,2112,89988,2578,35194,2597
0500000US26055,26055,"Grand Traverse County, Michigan",34995,1237,26456,1357,8539,1191
0500000US26065,26065,"Ingham County, Michigan",83864,1756,53526,1645,30338,1728
0500000US26073,26073,"Isabella County, Michigan",22731,884,14349,607,8382,859
0500000US26075,26075,"Jackson County, Michigan",55980,1401,43549,1490,12431,1227
0500000US26077,26077,"Kalamazoo County, Michigan",82257,1934,54323,1884,27934,2299
0500000US26081,26081,"Kent County, Michigan",186712,2630,137536,3254,49176,3113
0500000US26087,26087,"Lapeer County, Michigan",30159,1182,25255,1265,4904,846
0500000US26091,26091,"Lenawee County, Michigan",35158,861,26816,1111,8342,951
0500000US26093,26093,"Livingston County, Michigan",66886,1205,56506,1592,10380,1419
0500000US26099,26099,"Macomb County, Michigan",281790,2580,217853,3151,63937,3051
0500000US26103,26103,"Marquette County, Michigan",25390,939,17189,850,8201,905
0500000US26111,26111,"Midland County, Michigan",31771,877,24121,1055,7650,935
0500000US26115,26115,"Monroe County, Michigan",54779,1379,43355,1896,11424,1771
0500000US26121,26121,"Muskegon County, Michigan",53514,1348,42413,1690,11101,1278
0500000US26125,26125,"Oakland County, Michigan",375493,3157,290417,3176,85076,3446
0500000US26139,26139,"Ottawa County, Michigan",87008,1562,69632,2173,17376,1818
0500000US26145,26145,"Saginaw County, Michigan",56493,1468,45732,1433,10761,1263
0500000US26147,26147,"St. Clair County, Michigan",59364,1471,46155,1542,13209,1464
0500000US26155,26155,"Shiawassee County, Michigan",25864,878,18581,1113,7283,964
0500000US26159,26159,"Van Buren County, Michigan",24520,1428,19723,1206,4797,927
0500000US26161,26161,"Washtenaw County, Michigan",103604,1725,69454,1817,34150,1864
0500000US26163,26163,"Wayne County, Michigan",348248,3403,260265,4107,87983,3513
0500000US27003,27003,"Anoka County, Minnesota",110792,1347,92565,1763,18227,1552
0500000US27013,27013,"Blue Earth County, Minnesota",23006,698,14634,831,8372,895
0500000US27019,27019,"Carver County, Minnesota",32615,900,26253,1269,6362,1179
0500000US27037,27037,"Dakota County, Minnesota",134407,1804,105672,2254,28735,2305
0500000US27053,27053,"Hennepin County, Minnesota",382733,3156,271627,4026,111106,3828
0500000US27109,27109,"Olmsted County, Minnesota",50872,1107,39390,1134,11482,1180
0500000US27123,27123,"Ramsey County, Minnesota",154831,1962,105966,2604,48865,2816
0500000US27131,27131,"Rice County, Minnesota",20327,668,16193,768,4134,684
0500000US27137,27137,"St. Louis County, Minnesota",80686,1528,58557,1480,22129,1664
0500000US27139,27139,"Scott County, Minnesota",41918,928,34892,1193,7026,1187
0500000US27141,27141,"Sherburne County, Minnesota",29121,774,24324,1292,4797,1044
0500000US27145,27145,"Stearns County, Minnesota",53311,1162,40189,1213,13122,1396
0500000US27163,27163,"Washington County, Minnesota",81340,1631,66515,1912,14825,1591
0500000US27171,27171,"Wright County, Minnesota",42472,1173,35890,1311,6582,959
0500000US28033,28033,"DeSoto County, Mississippi",44039,1083,34739,1487,9300,1313
0500000US28035,28035,"Forrest County, Mississippi",16437,934,11267,910,5170,934
0500000US28047,28047,"Harrison County, Mississippi",53908,1582,35821,1975,18087,1932
0500000US28049,28049,"Hinds County, Mississippi",26037,1094,20192,1053,5845,1103
0500000US28059,28059,"Jackson County, Mississippi",35226,1708,26951,1668,8275,1493
0500000US28067,28067,"Jones County, Mississippi",16053,962,13562,963,2491,766
0500000US28075,28075,"Lauderdale County, Mississippi",16288,961,12575,1123,3713,804
0500000US28081,28081,"Lee County, Mississippi",21576,973,15456,1165,6120,1144
0500000US28089,28089,"Madison County, Mississippi",21566,926,18739,947,2827,751
0500000US28121,28121,"Rankin County, Mississippi",41860,1164,33799,1648,8061,1491
0500000US29019,29019,"Boone County, Missouri",55615,1589,33338,1638,22277,1954
0500000US29021,29021,"Buchanan County, Missouri",30302,1142,19590,1249,10712,1267
0500000US29031,29031,"Cape Girardeau County, Missouri",26408,956,18497,1046,7911,1082
0500000US29037,29037,"Cass County, Missouri",34491,840,24865,1254,9626,1340
0500000US29043,29043,"Christian County, Missouri",29043,1019,21433,1294,7610,1180
0500000US29047,29047,"Clay County, Missouri",74400,1671,54351,1826,20049,1872
0500000US29051,29051,"Cole County, Missouri",25684,1066,18508,1201,7176,1163
0500000US29071,29071,"Franklin County, Missouri",38762,1192,28367,1662,10395,1787
0500000US29077,29077,"Greene County, Missouri",108144,2252,64867,2556,43277,2678
0500000US29095,29095,"Jackson County, Missouri",181243,3045,120809,3708,60434,3269
0500000US29097,29097,"Jasper County, Missouri",39891,1290,26313,1537,13578,1498
0500000US29099,29099,"Jefferson County, Missouri",80192,1460,65701,2000,14491,1926
0500000US29165,29165,"Platte County, Missouri",32081,970,23067,1439,9014,1340
0500000US29183,29183,"St. Charles County, Missouri",124996,1825,103179,2408,21817,2349
0500000US29187,29187,"St. Francois County, Missouri",24089,1071,16032,1084,8057,1232
0500000US29189,29189,"St. Louis County, Missouri",283496,3173,222481,3959,61015,3823
0500000US29510,29510,"St. Louis city, Missouri",65942,1819,35734,1999,30208,2208
0500000US30013,30013,"Cascade County, Montana",30768,893,20463,1238,10305,1206
0500000US30029,30029,"Flathead County, Montana",34999,1555,25195,1731,9804,1529
0500000US30031,30031,"Gallatin County, Montana",36822,1220,22378,1214,14444,1618
0500000US30049,30049,"Lewis and Clark County, Montana",24765,1087,17243,1311,7522,1342
0500000US30063,30063,"Missoula County, Montana",42563,1347,26036,1356,16527,1628
0500000US30111,30111,"Yellowstone County, Montana",56645,1320,39690,1871,16955,1839
0500000US31055,31055,"Douglas County, Nebraska",161252,2477,107642,2418,53610,2770
0500000US31109,31109,"Lancaster County, Nebraska",104480,1672,66508,1888,37972,1875
0500000US31153,31153,"Sarpy County, Nebraska",53802,966,39321,1481,14481,1369
0500000US32003,32003,"Clark County, Nevada",396558,4490,231764,4835,164794,5030
0500000US32031,32031,"Washoe County, Nevada",122661,2015,75575,2513,47086,2517
0500000US33005,33005,"Cheshire County, New Hampshire",29832,801,21206,1000,8626,1168
0500000US33009,33009,"Grafton County, New Hampshire",33277,1298,23266,1284,10011,1403
0500000US33011,33011,"Hillsborough County, New Hampshire",136885,2044,95487,2495,41398,2566
0500000US33013,33013,"Merrimack County, New Hampshire",55103,1224,38941,1318,16162,1537
0500000US33015,33015,"Rockingham County, New Hampshire",112450,1728,86309,2427,26141,2229
0500000US33017,33017,"Strafford County, New Hampshire",43831,1370,29942,1601,13889,1738
0500000US34001,34001,"Atlantic County, New Jersey",63657,1832,50720,2123,12937,1760
0500000US34003,34003,"Bergen County, New Jersey",213437,2923,152178,3359,61259,3557
0500000US34005,34005,"Burlington County, New Jersey",122536,1777,97559,2291,24977,2093
0500000US34007,34007,"Camden County, New Jersey",119852,1919,92490,2254,27362,2160
0500000US34009,34009,"Cape May County, New Jersey",36964,1796,29055,1682,7909,1381
0500000US34011,34011,"Cumberland County, New Jersey",29570,1234,21617,1292,7953,1213
0500000US34013,34013,"Essex County, New Jersey",98453,2645,66930,2270,31523,2168
0500000US34015,34015,"Gloucester County, New Jersey",85549,1737,71024,1897,14525,1732
0500000US34017,34017,"Hudson County, New Jersey",87344,2117,34568,1914,52776,2574
0500000US34019,34019,"Hunterdon County, New Jersey",43485,900,36381,1345,7104,1216
0500000US34021,34021,"Mercer County, New Jersey",76305,1508,57748,2018,18557,2151
0500000US34023,34023,"Middlesex County, New Jersey",151614,2348,113740,2362,37874,2770
0500000US34025,34025,"Monmouth County, New Jersey",185956,2617,146165,3034,39791,3010
0500000US34027,34027,"Morris County, New Jersey",138772,1982,110333,2803,28439,2368
0500000US34029,34029,"Ocean County, New Jersey",195933,3201,163527,3259,32406,2332
0500000US34031,34031,"Passaic County, New Jersey",79557,1946,58822,2230,20735,2274
0500000US34033,34033,"Salem County, New Jersey",18485,911,14805,852,3680,694
0500000US34035,34035,"Somerset County, New Jersey",76455,1652,62729,1758,13726,1563
0500000US34037,34037,"Sussex County, New Jersey",48521,1391,40675,1260,7846,1269
0500000US34039,34039,"Union County, New Jersey",89264,2195,67243,2031,22021,1940
0500000US34041,34041,"Warren County, New Jersey",37107,926,27563,1348,9544,1561
0500000US35001,35001,"Bernalillo County, New Mexico",127097,3505,86105,3132,40992,3009
0500000US35005,35005,"Chaves County, New Mexico",11606,712,8503,732,3103,648
0500000US35013,35013,"Doña Ana County, New Mexico",29698,1232,17982,1472,11716,1699
0500000US35025,35025,"Lea County, New Mexico",10424,616,7992,647,2432,611
0500000US35031,35031,"McKinley County, New Mexico",2845,564,1791,433,1054,472
0500000US35035,35035,"Otero County, New Mexico",15549,1082,10005,1033,5544,972
0500000US35043,35043,"Sandoval County, New Mexico",27778,1160,22367,1377,5411,1205
0500000US35045,35045,"San Juan County, New Mexico",20852,1036,16114,1114,4738,999
0500000US35049,35049,"Santa Fe County, New Mexico",32838,1077,24009,1201,8829,1135
0500000US35061,35061,"Valencia County, New Mexico",10804,865,8919,844,1885,725
0500000US36001,36001,"Albany County, New York",98261,2277,63999,2192,34262,2350
0500000US36005,36005,"Bronx County, New York",58870,2006,26146,1972,32724,2354
0500000US36007,36007,"Broome County, New York",69795,1721,48182,1819,21613,1881
0500000US36009,36009,"Cattaraugus County, New York",28724,978,20524,877,8200,896
0500000US36011,36011,"Cayuga County, New York",30016,763,21270,1090,8746,1064
0500000US36013,36013,"Chautauqua County, New York",48782,1423,36077,1401,12705,1381
0500000US36015,36015,"Chemung County, New York",30916,1209,22447,956,8469,1031
0500000US36019,36019,"Clinton County, New York",29876,1002,21350,1271,8526,1258
0500000US36027,36027,"Dutchess County, New York",82519,2104,60858,2057,21661,1897
0500000US36029,36029,"Erie County, New York",302178,3259,220335,3555,81843,3787
0500000US36045,36045,"Jefferson County, New York",38012,1460,22181,1357,15831,1454
0500000US36047,36047,"Kings County, New York",370690,4613,131371,4126,239319,4895
0500000US36051,36051,"Livingston County, New York",23425,699,16954,940,6471,1031
0500000US36053,36053,"Madison County, New York",24833,1085,18826,1276,6007,980
0500000US36055,36055,"Monroe County, New York",227890,3073,167143,3376,60747,3136
0500000US36059,36059,"Nassau County, New York",310093,2960,264577,4164,45516,3230
0500000US36061,36061,"New York County, New York",411418,6499,131190,5963,280228,7765
0500000US36063,36063,"Niagara County, New York",78236,1450,59345,1727,18891,1602
0500000US36065,36065,"Oneida County, New York",79968,1779,55700,1835,24268,1894
0500000US36067,36067,"Onondaga County, New York",154908,2509,111498,2510,43410,2429
0500000US36069,36069,"Ontario County, New York",40757,1095,30300,1378,10457,1383
0500000US36071,36071,"Orange County, New York",87277,1901,67085,1934,20192,1732
0500000US36075,36075,"Oswego County, New York",43688,1454,31946,1371,11742,1382
0500000US36079,36079,"Putnam County, New York",29576,1040,24768,1115,4808,952
0500000US36081,36081,"Queens County, New York",262836,3703,132936,3816,129900,4465
0500000US36083,36083,"Rensselaer County, New York",56614,1411,38414,1429,18200,1797
0500000US36085,36085,"Richmond County, New York",108996,2049,84552,2784,24444,2709
0500000US36087,36087,"Rockland County, New York",67631,1583,51394,2017,16237,1805
0500000US36089,36089,"St. Lawrence County, New York",39183,1393,27868,1334,11315,1313
0500000US36091,36091,"Saratoga County, New York",85027,1701,61329,1995,23698,2068
0500000US36093,36093,"Schenectady County, New York",46000,1546,32314,1404,13686,1528
0500000US36101,36101,"Steuben County, New York",38944,1025,27166,1245,11778,1086
0500000US36103,36103,"Suffolk County, New York",384418,4024,318049,4415,66369,3853
0500000US36105,36105,"Sullivan County, New York",21847,1299,15966,1204,5881,1032
0500000US36109,36109,"Tompkins County, New York",31146,1391,19925,1353,11221,1631
0500000US36111,36111,"Ulster County, New York",60169,1922,43868,1925,16301,1620
0500000US36113,36113,"Warren County, New York",24951,1134,17878,1253,7073,1046
0500000US36117,36117,"Wayne County, New York",33659,1070,25335,1261,8324,1190
0500000US36119,36119,"Westchester County, New York",211292,2709,154793,3370,56499,3227
0500000US37001,37001,"Alamance County, North Carolina",45539,1312,32756,1568,12783,1492
0500000US37019,37019,"Brunswick County, North Carolina",42243,1819,32653,1844,9590,1777
0500000US37021,37021,"Buncombe County, North Carolina",90539,2095,60603,2464,29936,2800
0500000US37023,37023,"Burke County, North Carolina",29368,1409,20534,1390,8834,1513
0500000US37025,37025,"Cabarrus County, North Carolina",50105,1348,39745,1563,10360,1497
0500000US37027,37027,"Caldwell County, North Carolina",27311,1403,20084,1356,7227,1494
0500000US37031,37031,"Carteret County, North Carolina",25832,1225,18843,1166,6989,1014
0500000US37035,37035,"Catawba County, North Carolina",46751,1922,33554,1950,13197,1920
0500000US37037,37037,"Chatham County, North Carolina",21834,866,17416,1116,4418,1012
0500000US37045,37045,"Cleveland County, North Carolina",28157,1259,21537,1260,6620,1316
0500000US37049,37049,"Craven County, North Carolina",28464,1111,18873,1272,9591,1345
0500000US37051,37051,"Cumberland County, North Carolina",60206,1532,34634,1540,25572,1686
0500000US37057,37057,"Davidson County, North Carolina",52968,2092,39320,1975,13648,1869
0500000US37063,37063,"Durham County, North Carolina",56431,1525,37431,1695,19000,1740
0500000US37067,37067,"Forsyth County, North Carolina",94671,1964,67476,2158,27195,2399
0500000US37071,37071,"Gaston County, North Carolina",58534,1739,42356,1767,16178,1770
0500000US37081,37081,"Guilford County, North Carolina",114145,2333,81275,2376,32870,2329
0500000US37085,37085,"Harnett County, North Carolina",29741,912,20063,1277,9678,1226
0500000US37089,37089,"Henderson County, North Carolina",40259,1324,30104,1422,10155,1447
0500000US37097,37097,"Iredell County, North Carolina",50610,1283,37553,1500,13057,1389
0500000US37101,37101,"Johnston County, North Carolina",47256,1327,36749,1839,10507,1494
0500000US37109,37109,"Lincoln County, North Carolina",26692,997,20849,1224,5843,1031
0500000US37119,37119,"Mecklenburg County, North Carolina",210179,2794,145545,2967,64634,2875
0500000US37125,37125,"Moore County, North Carolina",30652,1256,24640,1281,6012,1029
0500000US37127,37127,"Nash County, North Carolina",20329,978,16736,1079,3593,880
0500000US37129,37129,"New Hanover County, North Carolina",72622,2081,44658,2033,27964,2260
0500000US37133,37133,"Onslow County, North Carolina",43807,2441,25429,1980,18378,2346
0500000US37135,37135,"Orange County, North Carolina",38552,1322,24869,1323,13683,1525
0500000US37147,37147,"Pitt County, North Carolina",39823,1657,24562,1310,15261,1724
0500000US37151,37151,"Randolph County, North Carolina",45034,1194,34206,1652,10828,1516
0500000US37155,37155,"Robeson County, North Carolina",14238,685,10438,572,3800,643
0500000US37157,37157,"Rockingham County, North Carolina",29048,1253,21129,1490,7919,1369
0500000US37159,37159,"Rowan County, North Carolina",40237,1131,28957,1439,11280,1440
0500000US37161,37161,"Rutherford County, North Carolina",22792,1313,17624,1180,5168,1088
0500000US37171,37171,"Surry County, North Carolina",25063,895,18117,967,6946,982
0500000US37179,37179,"Union County, North Carolina",54718,1211,46466,1561,8252,1381
0500000US37183,37183,"Wake County, North Carolina",240723,3687,175065,3755,65658,3883
0500000US37191,37191,"Wayne County, North Carolina",28046,1242,19621,1174,8425,1353
0500000US37193,37193,"Wilkes County, North Carolina",24863,1486,17415,1581,7448,1461
0500000US37195,37195,"Wilson County, North Carolina",17115,692,13408,787,3707,745
0500000US38015,38015,"Burleigh County, North Dakota",35913,971,25402,1239,10511,1411
0500000US38017,38017,"Cass County, North Dakota",62925,1797,35938,1949,26987,2435
0500000US38035,38035,"Grand Forks County, North Dakota",25241,932,14036,1132,11205,1122
0500000US38101,38101,"Ward County, North Dakota",22565,1360,15051,1111,7514,1359
0500000US39003,39003,"Allen County, Ohio",32422,1362,24135,1047,8287,1193
0500000US39007,39007,"Ashtabula County, Ohio",35976,1019,25663,1382,10313,1420
0500000US39013,39013,"Belmont County, Ohio",25641,1162,19321,1217,6320,849
0500000US39017,39017,"Butler County, Ohio",115321,2225,83100,2216,32221,2516
0500000US39023,39023,"Clark County, Ohio",48045,1080,32689,1359,15356,1393
0500000US39025,39025,"Clermont County, Ohio",71495,1634,53684,2011,17811,1822
0500000US39029,39029,"Columbiana County, Ohio",41170,1061,29413,1360,11757,1330
0500000US39035,39035,"Cuyahoga County, Ohio",333745,3142,235927,3476,97818,3671
0500000US39041,39041,"Delaware County, Ohio",58911,1404,48068,1609,10843,1574
0500000US39043,39043,"Erie County, Ohio",27867,1107,19371,1143,8496,1164
0500000US39045,39045,"Fairfield County, Ohio",49890,1156,35624,1364,14266,1562
0500000US39049,39049,"Franklin County, Ohio",337502,3699,208032,4097,129470,4923
0500000US39055,39055,"Geauga County, Ohio",34466,701,27902,1175,6564,1112
0500000US39057,39057,"Greene County, Ohio",56865,1368,40001,1586,16864,1763
0500000US39061,39061,"Hamilton County, Ohio",227698,2841,157466,3041,70232,3396
0500000US39063,39063,"Hancock County, Ohio",29321,791,20798,1034,8523,1048
0500000US39081,39081,"Jefferson County, Ohio",25204,881,17474,1047,7730,928
0500000US39085,39085,"Lake County, Ohio",87504,1468,67070,2225,20434,2135
0500000US39089,39089,"Licking County, Ohio",61207,1373,43596,1937,17611,1724
0500000US39093,39093,"Lorain County, Ohio",98417,1997,72427,2138,25990,2430
0500000US39095,39095,"Lucas County, Ohio",128078,2473,88746,2396,39332,2632
0500000US39099,39099,"Mahoning County, Ohio",77823,1779,58210,1688,19613,1919
0500000US39101,39101,"Marion County, Ohio",22856,956,15958,1471,6898,1339
0500000US39103,39103,"Medina County, Ohio",62996,1389,52194,1446,10802,1255
0500000US39109,39109,"Miami County, Ohio",39138,932,27013,1558,12125,1434
0500000US39113,39113,"Montgomery County, Ohio",165527,2685,109400,2983,56127,3020
0500000US39119,39119,"Muskingum County, Ohio",31810,1114,20877,1362,10933,1370
0500000US39133,39133,"Portage County, Ohio",56265,1300,40717,1863,15548,1785
0500000US39139,39139,"Richland County, Ohio",43304,1405,30335,1841,12969,1665
0500000US39141,39141,"Ross County, Ohio",26108,1366,17665,1436,8443,1575
0500000US39145,39145,"Scioto County, Ohio",29674,909,20226,1190,9448,1320
0500000US39151,39151,"Stark County, Ohio",132755,2307,94514,2602,38241,2654
0500000US39153,39153,"Summit County, Ohio",180544,2670,128127,2861,52417,3258
0500000US39155,39155,"Trumbull County, Ohio",77037,1482,57041,1694,19996,1550
0500000US39157,39157,"Tuscarawas County, Ohio",36430,741,25455,1263,10975,1220
0500000US39165,39165,"Warren County, Ohio",71314,1564,54762,2126,16552,2010
0500000US39169,39169,"Wayne County, Ohio",41211,822,30402,1167,10809,1128
0500000US39173,39173,"Wood County, Ohio",46347,1083,31394,1167,14953,1325
0500000US40017,40017,"Canadian County, Oklahoma",37629,1101,29431,1280,8198,1220
0500000US40027,40027,"Cleveland County, Oklahoma",79291,2061,53966,2166,25325,2139
0500000US40031,40031,"Comanche County, Oklahoma",26425,1436,16528,1258,9897,1423
0500000US40037,40037,"Creek County, Oklahoma",22467,574,17706,752,4761,544
0500000US40101,40101,"Muskogee County, Oklahoma",17258,773,12056,788,5202,765
0500000US40109,40109,"Oklahoma County, Oklahoma",190799,3187,126204,3071,64595,3379
0500000US40119,40119,"Payne County, Oklahoma",23728,1357,12934,1196,10794,1370
0500000US40125,40125,"Pottawatomie County, Oklahoma",20707,647,14551,768,6156,645
0500000US40131,40131,"Rogers County, Oklahoma",25954,714,20777,726,5177,554
0500000US40143,40143,"Tulsa County, Oklahoma",172740,2006,115843,2419,56897,2383
0500000US40145,40145,"Wagoner County, Oklahoma",21360,587,17340,628,4020,579
0500000US41003,41003,"Benton County, Oregon",28939,1033,17299,974,11640,1102
0500000US41005,41005,"Clackamas County, Oregon",131727,2090,93828,2452,37899,2547
0500000US41017,41017,"Deschutes County, Oregon",61919,2293,41827,2424,20092,1705
0500000US41019,41019,"Douglas County, Oregon",38582,1393,27553,1516,11029,1559
0500000US41029,41029,"Jackson County, Oregon",74022,2050,47491,2118,26531,2357
0500000US41033,41033,"Josephine County, Oregon",30530,1554,20482,1779,10048,1656
0500000US41035,41035,"Klamath County, Oregon",23023,1284,14789,1090,8234,1213
0500000US41039,41039,"Lane County, Oregon",128237,2083,79343,2797,48894,2548
0500000US41043,41043,"Linn County, Oregon",41133,1337,27981,1568,13152,1603
0500000US41047,41047,"Marion County, Oregon",87957,1790,58197,2075,29760,2048
0500000US41051,41051,"Multnomah County, Oregon",243231,2854,137095,3414,106136,4283
0500000US41053,41053,"Polk County, Oregon",23075,1031,16177,1126,6898,1118
0500000US41059,41059,"Umatilla County, Oregon",21001,1045,12775,1013,8226,944
0500000US41067,41067,"Washington County, Oregon",159206,2459,102942,2824,56264,3101
0500000US41071,41071,"Yamhill County, Oregon",29131,1181,21165,1364,7966,1308
0500000US42001,42001,"Adams County, Pennsylvania",36167,925,28045,1212,8122,967
0500000US42003,42003,"Allegheny County, Pennsylvania",434352,4327,308332,4647,126020,5185
0500000US42005,42005,"Armstrong County, Pennsylvania",27944,780,21471,959,6473,832
0500000US42007,42007,"Beaver County, Pennsylvania",63072,1617,48615,1636,14457,1451
0500000US42011,42011,"Berks County, Pennsylvania",122437,1872,95184,2329,27253,1967
0500000US42013,42013,"Blair County, Pennsylvania",47540,1088,34518,1492,13022,1313
0500000US42017,42017,"Bucks County, Pennsylvania",205187,2422,160575,3341,44612,2747
0500000US42019,42019,"Butler County, Pennsylvania",73993,1104,55408,1776,18585,1579
0500000US42021,42021,"Cambria County, Pennsylvania",54226,1372,40884,1520,13342,1382
0500000US42025,42025,"Carbon County, Pennsylvania",25130,1131,20546,1230,4584,897
0500000US42027,42027,"Centre County, Pennsylvania",50663,1869,32631,1441,18032,1871
0500000US42029,42029,"Chester County, Pennsylvania",157798,1850,125659,2443,32139,2271
0500000US42033,42033,"Clearfield County, Pennsylvania",31348,1108,24393,1185,6955,999
0500000US42037,42037,"Columbia County, Pennsylvania",24884,975,18000,965,6884,1112
0500000US42039,42039,"Crawford County, Pennsylvania",33964,1016,25459,837,8505,952
0500000US42041,42041,"Cumberland County, Pennsylvania",88483,1339,64540,1871,23943,1946
0500000US42043,42043,"Dauphin County, Pennsylvania",80242,2146,60379,1995,19863,1818
0500000US42045,42045,"Delaware County, Pennsylvania",148178,1942,115377,2315,32801,2202
0500000US42049,42049,"Erie County, Pennsylvania",97316,1889,68455,2040,28861,2352
0500000US42051,42051,"Fayette County, Pennsylvania",50868,1384,35623,1902,15245,1589
0500000US42055,42055,"Franklin County, Pennsylvania",54466,1582,38918,1910,15548,1667
0500000US42063,42063,"Indiana County, Pennsylvania",32860,932,23238,927,9622,1059
0500000US42069,42069,"Lackawanna County, Pennsylvania",77171,1863,53316,2104,23855,2061
0500000US42071,42071,"Lancaster County, Pennsylvania",169434,2225,121515,3129,47919,2938
0500000US42073,42073,"Lawrence County, Pennsylvania",33821,1081,25706,1233,8115,1224
0500000US42075,42075,"Lebanon County, Pennsylvania",45981,1309,33687,1210,12294,1339
0500000US42077,42077,"Lehigh County, Pennsylvania",103121,1635,77267,1848,25854,1927
0500000US42079,42079,"Luzerne County, Pennsylvania",114645,2176,83108,2436,31537,1824
0500000US42081,42081,"Lycoming County, Pennsylvania",43325,1279,30754,1379,12571,1299
0500000US42085,42085,"Mercer County, Pennsylvania",42259,1378,31898,1290,10361,1204
0500000US42089,42089,"Monroe County, Pennsylvania",40961,1950,33413,2056,7548,1564
0500000US42091,42091,"Montgomery County, Pennsylvania",251639,2812,189957,3223,61682,2741
0500000US42095,42095,"Northampton County, Pennsylvania",94877,1575,72854,2006,22023,1683
0500000US42097,42097,"Northumberland County, Pennsylvania",37825,1068,26896,1413,10929,1134
0500000US42101,42101,"Philadelphia County, Pennsylvania",232955,3564,141141,3841,91814,4183
0500000US42107,42107,"Schuylkill County, Pennsylvania",55868,1623,42529,1703,13339,1320
0500000US42111,42111,"Somerset County, Pennsylvania",28956,1084,23349,968,5607,838
0500000US42125,42125,"Washington County, Pennsylvania",78429,1685,60921,1692,17508,1680
0500000US42129,42129,"Westmoreland County, Pennsylvania",144950,2205,113100,2401,31850,2036
0500000US42133,42133,"York County, Pennsylvania",149031,2110,118938,2855,30093,2446
0500000US44003,44003,"Kent County, Rhode Island",62540,1420,43794,1901,18746,2061
0500000US44005,44005,"Newport County, Rhode Island",32175,1123,20725,1287,11450,1326
0500000US44007,44007,"Providence County, Rhode Island",165846,2397,101898,2590,63948,2971
0500000US44009,44009,"Washington County, Rhode Island",45476,1690,34842,1705,10634,1601
0500000US45003,45003,"Aiken County, South Carolina",45458,1671,36869,1781,8589,1473
0500000US45007,45007,"Anderson County, South Carolina",59970,1591,45227,1858,14743,1994
0500000US45013,45013,"Beaufort County, South Carolina",49288,1881,36694,1811,12594,1808
0500000US45015,45015,"Berkeley County, South Carolina",47587,1536,35469,1747,12118,1434
0500000US45019,45019,"Charleston County, South Carolina",103913,2148,69404,2395,34509,2597
0500000US45031,45031,"Darlington County, South Carolina",14809,807,11657,1018,3152,761
0500000US45035,45035,"Dorchester County, South Carolina",37278,1207,28075,1499,9203,1548
0500000US45041,45041,"Florence County, South Carolina",27739,1179,22348,1201,5391,1103
0500000US45045,45045,"Greenville County, South Carolina",131799,2470,98206,2401,33593,2626
0500000US45047,45047,"Greenwood County, South Carolina",17927,816,14198,940,3729,848
0500000US45051,45051,"Horry County, South Carolina",103597,2910,76439,3079,27158,2417
0500000US45057,45057,"Lancaster County, South Carolina",22452,1065,18521,1397,3931,1038
0500000US45059,45059,"Laurens County, South Carolina",18338,898,13811,977,4527,881
0500000US45063,45063,"Lexington County, South Carolina",85674,2006,66326,2118,19348,1903
0500000US45073,45073,"Oconee County, South Carolina",28556,1265,21620,1265,6936,1405
0500000US45075,45075,"Orangeburg County, South Carolina",11369,926,8530,832,2839,727
0500000US45077,45077,"Pickens County, South Carolina",38567,1577,28918,1337,9649,1276
0500000US45079,45079,"Richland County, South Carolina",70021,2151,48363,2109,21658,2019
0500000US45083,45083,"Spartanburg County, South Carolina",80162,1883,60135,2311,20027,2344
0500000US45085,45085,"Sumter County, South Carolina",20361,958,15711,1148,4650,1025
0500000US45091,45091,"York County, South Carolina",68203,1651,52139,1658,16064,1618
0500000US46099,46099,"Minnehaha County, South Dakota",63457,1436,42819,1613,20638,1626
0500000US46103,46103,"Pennington County, South Dakota",36663,1158,25523,1414,11140,1204
0500000US47001,47001,"Anderson County, Tennessee",27311,1200,20710,1314,6601,1029
0500000US47009,47009,"Blount County, Tennessee",45038,1429,34678,1741,10360,1572
0500000US47011,47011,"Bradley County, Tennessee",34130,1265,23475,1951,10655,1629
0500000US47037,47037,"Davidson County, Tennessee",168379,2992,105854,3124,62525,3436
0500000US47059,47059,"Greene County, Tennessee",25921,1305,17410,1380,8511,1454
0500000US47065,47065,"Hamilton County, Tennessee",100570,2499,70548,2775,30022,2221
0500000US47093,47093,"Knox County, Tennessee",150187,2579,103851,2596,46336,2772
0500000US47113,47113,"Madison County, Tennessee",22790,770,17638,1054,5152,1054
0500000US47119,47119,"Maury County, Tennessee",26217,1328,19692,1453,6525,1337
0500000US47125,47125,"Montgomery County, Tennessee",43844,1570,29161,1695,14683,1802
0500000US47141,47141,"Putnam County, Tennessee",27851,910,17322,1132,10529,1208
0500000US47147,47147,"Robertson County, Tennessee",21949,635,17065,1013,4884,1076
0500000US47149,47149,"Rutherford County, Tennessee",81370,1709,55007,2355,26363,2487
0500000US47155,47155,"Sevier County, Tennessee",32910,1587,21802,1808,11108,1577
0500000US47157,47157,"Shelby County, Tennessee",143516,2433,102540,2867,40976,2777
0500000US47163,47163,"Sullivan County, Tennessee",64225,1286,47823,1536,16402,1787
0500000US47165,47165,"Sumner County, Tennessee",55319,1473,42085,1529,13234,1469
0500000US47179,47179,"Washington County, Tennessee",49018,1434,33759,1880,15259,1631
0500000US47187,47187,"Williamson County, Tennessee",63458,1266,53188,1812,10270,1617
0500000US47189,47189,"Wilson County, Tennessee",41874,782,32919,1408,8955,1461
0500000US48005,48005,"Angelina County, Texas",20848,1192,15751,1012,5097,1073
0500000US48021,48021,"Bastrop County, Texas",17521,896,14428,1110,3093,1031
0500000US48027,48027,"Bell County, Texas",62462,1881,37426,1968,25036,2322
0500000US48029,48029,"Bexar County, Texas",225533,4319,148225,3963,77308,4015
0500000US48037,48037,"Bowie County, Texas",22889,1220,16713,1213,6176,1196
0500000US48039,48039,"Brazoria County, Texas",65094,1947,49667,2046,15427,1785
0500000US48041,48041,"Brazos County, Texas",48439,1448,24971,1289,23468,1933
0500000US48061,48061,"Cameron County, Texas",19486,1106,15403,1214,4083,963
0500000US48085,48085,"Collin County, Texas",206174,2663,148887,3285,57287,3379
0500000US48091,48091,"Comal County, Texas",34060,1384,26850,1511,7210,1447
0500000US48099,48099,"Coryell County, Texas",15779,972,9955,914,5824,950
0500000US48113,48113,"Dallas County, Texas",357987,3644,224105,4109,133882,5238
0500000US48121,48121,"Denton County, Texas",177148,2702,124815,3441,52333,3513
0500000US48135,48135,"Ector County, Texas",21487,1207,14996,1079,6491,938
0500000US48139,48139,"Ellis County, Texas",37592,1236,27243,1550,10349,1646
0500000US48141,48141,"El Paso County, Texas",45431,1955,27604,1748,17827,1836
0500000US48157,48157,"Fort Bend County, Texas",88729,2193,75489,2588,13240,1927
0500000US48167,48167,"Galveston County, Texas",74983,2073,54050,2480,20933,2444
0500000US48181,48181,"Grayson County, Texas",38334,1338,26653,1422,11681,1225
0500000US48183,48183,"Gregg County, Texas",29693,1351,20606,1351,9087,1467
0500000US48187,48187,"Guadalupe County, Texas",30142,1151,23745,1270,6397,1084
0500000US48201,48201,"Harris County, Texas",591760,4389,395114,6356,196646,5878
0500000US48203,48203,"Harrison County, Texas",15341,987,12472,1099,2869,815
0500000US48209,48209,"Hays County, Texas",40853,1644,27892,1488,12961,1573
0500000US48213,48213,"Henderson County, Texas",25543,1135,19702,1291,5841,1040
0500000US48215,48215,"Hidalgo County, Texas",26381,1046,21830,1340,4551,1012
0500000US48231,48231,"Hunt County, Texas",23921,1434,17652,1252,6269,1172
0500000US48245,48245,"Jefferson County, Texas",46946,1627,32214,1487,14732,1766
0500000US48251,48251,"Johnson County, Texas",44053,1544,34205,1796,9848,1327
0500000US48257,48257,"Kaufman County, Texas",26539,1049,20923,1439,5616,1148
0500000US48291,48291,"Liberty County, Texas",19343,1033,14367,1395,4976,1003
0500000US48303,48303,"Lubbock County, Texas",68586,1906,42553,1999,26033,1820
0500000US48309,48309,"McLennan County, Texas",56076,1580,37044,1674,19032,1679
0500000US48329,48329,"Midland County, Texas",30776,1321,22105,1336,8671,1289
0500000US48339,48339,"Montgomery County, Texas",135565,2619,99386,3122,36179,3223
0500000US48347,48347,"Nacogdoches County, Texas",16214,880,10143,928,6071,947
0500000US48355,48355,"Nueces County, Texas",47889,1517,31011,1724,16878,1655
0500000US48361,48361,"Orange County, Texas",27390,966,22503,1310,4887,1047
0500000US48367,48367,"Parker County, Texas",38736,1474,29274,1606,9462,1604
0500000US48375,48375,"Potter County, Texas",24224,1209,14430,1105,9794,1285
0500000US48381,48381,"Randall County, Texas",39278,1259,28910,1393,10368,1321
0500000US48397,48397,"Rockwall County, Texas",21634,953,16879,1324,4755,1112
0500000US48409,48409,"San Patricio County, Texas",10844,716,8223,839,2621,677
0500000US48423,48423,"Smith County, Texas",54147,1965,37190,2203,16957,2018
0500000US48439,48439,"Tarrant County, Texas",388498,4387,267700,5265,120798,5110
0500000US48441,48441,"Taylor County, Texas",35251,1356,22153,1375,13098,1342
0500000US48451,48451,"Tom Green County, Texas",26480,1281,16251,1168,10229,1263
0500000US48453,48453,"Travis County, Texas",257782,3643,147416,3703,110366,4100
0500000US48469,48469,"Victoria County, Texas",17492,861,13434,732,4058,877
0500000US48471,48471,"Walker County, Texas",13524,1117,8472,896,5052,1094
0500000US48479,48479,"Webb County, Texas",3335,579,2382,561,953,440
0500000US48485,48485,"Wichita County, Texas",35600,1700,23986,1490,11614,1740
0500000US48491,48491,"Williamson County, Texas",114959,2454,83212,2630,31747,2471
0500000US49005,49005,"Cache County, Utah",31240,1133,20772,937,10468,1231
0500000US49011,49011,"Davis County, Utah",87575,1462,68857,1654,18718,1820
0500000US49035,49035,"Salt Lake County, Utah",283655,2601,198098,3486,85557,3337
0500000US49049,49049,"Utah County, Utah",130534,1548,90792,2118,39742,1914
0500000US49053,49053,"Washington County, Utah",43983,1892,32554,1923,11429,1771
0500000US49057,49057,"Weber County, Utah",66505,1586,50983,1811,15522,1541
0500000US50007,50007,"Chittenden County, Vermont",59994,1005,39435,1596,20559,1683
0500000US51003,51003,"Albemarle County, Virginia",32309,1648,21692,1542,10617,1341
0500000US51013,51013,"Arlington County, Virginia",68267,1692,35280,1910,32987,2374
0500000US51015,51015,"Augusta County, Virginia",26997,1234,21920,1255,5077,933
0500000US51019,51019,"Bedford County, Virginia",27559,1055,23134,1099,4425,968
0500000US51041,51041,"Chesterfield County, Virginia",80279,1745,65807,1880,14472,1751
0500000US51059,51059,"Fairfax County, Virginia",235063,2778,179355,3332,55708,2541
0500000US51061,51061,"Fauquier County, Virginia",19940,752,15246,894,4694,769
0500000US51069,51069,"Frederick County, Virginia",26510,1224,20645,1366,5865,1114
0500000US51085,51085,"Hanover County, Virginia",32705,970,26183,1198,6522,1084
0500000US51087,51087,"Henrico County, Virginia",72387,1831,51125,1930,21262,1693
0500000US51095,51095,"James City County, Virginia",23681,989,17532,1087,6149,1220
0500000US51107,51107,"Loudoun County, Virginia",77269,1509,61178,1527,16091,1494
0500000US51121,51121,"Montgomery County, Virginia",30244,1486,17186,1525,13058,1613
0500000US51153,51153,"Prince William County, Virginia",71451,1773,58423,1892,13028,1854
0500000US51161,51161,"Roanoke County, Virginia",34304,1044,25567,1474,8737,1347
0500000US51165,51165,"Rockingham County, Virginia",28380,824,20958,933,7422,961
0500000US51177,51177,"Spotsylvania County, Virginia",32027,972,25179,1188,6848,1117
0500000US51179,51179,"Stafford County, Virginia",29765,1177,24299,1270,5466,1103
0500000US51199,51199,"York County, Virginia",18296,896,13677,865,4619,838
0500000US51510,51510,"Alexandria city, Virginia",40333,1123,21981,1299,18352,1548
0500000US51550,51550,"Chesapeake city, Virginia",50497,1513,40847,1793,9650,1436
0500000US51650,51650,"Hampton city, Virginia",23749,1077,15231,1182,8518,1372
0500000US51680,51680,"Lynchburg city, Virginia",17941,958,10699,856,7242,1179
0500000US51700,51700,"Newport News city, Virginia",32960,1316,20870,1393,12090,1396
0500000US51710,51710,"Norfolk city, Virginia",41216,1590,23559,1433,17657,1557
0500000US51740,51740,"Portsmouth city, Virginia",15927,780,10151,836,5776,807
0500000US51760,51760,"Richmond city, Virginia",43220,1572,23045,1089,20175,1734
0500000US51770,51770,"Roanoke city, Virginia",29761,1295,16547,1450,13214,1630
0500000US51800,51800,"Suffolk city, Virginia",16188,749,13146,741,3042,732
0500000US51810,51810,"Virginia Beach city, Virginia",112466,2680,77498,2035,34968,2470
0500000US53005,53005,"Benton County, Washington",54701,1365,38757,1992,15944,1927
0500000US53007,53007,"Chelan County, Washington",21753,1218,15745,1247,6008,1387
0500000US53009,53009,"Clallam County, Washington",28304,1124,21054,1134,7250,1094
0500000US53011,53011,"Clark County, Washington",140342,2053,93213,2353,47129,2461
0500000US53015,53015,"Cowlitz County, Washington",36050,1070,23853,1396,12197,1466
0500000US53021,53021,"Franklin County, Washington",13711,779,11036,969,2675,845
0500000US53025,53025,"Grant County, Washington",19540,1090,13338,1189,6202,1291
0500000US53027,53027,"Grays Harbor County, Washington",23869,1130,16108,1200,7761,1383
0500000US53029,53029,"Island County, Washington",28107,1276,19451,1194,8656,1371
0500000US53033,53033,"King County, Washington",577731,5435,361741,5361,215990,5774
0500000US53035,53035,"Kitsap County, Washington",78528,2221,53263,1982,25265,2198
0500000US53041,53041,"Lewis County, Washington",27120,975,18884,1246,8236,1139
0500000US53053,53053,"Pierce County, Washington",227729,3137,148697,3545,79032,3282
0500000US53057,53057,"Skagit County, Washington",38568,1080,27204,1309,11364,1310
0500000US53061,53061,"Snohomish County, Washington",221124,2579,150497,3527,70627,3328
0500000US53063,53063,"Spokane County, Washington",168588,2355,109097,3218,59491,3366
0500000US53067,53067,"Thurston County, Washington",84911,1948,53104,2043,31807,2201
0500000US53073,53073,"Whatcom County, Washington",69995,1790,45174,1792,24821,2073
0500000US53077,53077,"Yakima County, Washington",45796,1346,33568,1417,12228,1327
0500000US54003,54003,"Berkeley County, West Virginia",36807,1253,28901,1622,7906,1403
0500000US54011,54011,"Cabell County, West Virginia",37586,1230,23055,1473,14531,1549
0500000US54033,54033,"Harrison County, West Virginia",26276,1142,19360,1252,6916,1202
0500000US54039,54039,"Kanawha County, West Virginia",72995,1811,52161,2095,20834,1929
0500000US54061,54061,"Monongalia County, West Virginia",34495,1480,20853,1357,13642,1606
0500000US54081,54081,"Raleigh County, West Virginia",27612,1195,21685,1260,5927,1124
0500000US54107,54107,"Wood County, West Virginia",35110,891,24966,1228,10144,1275
0500000US55009,55009,"Brown County, Wisconsin",89797,1612,62295,1910,27502,2168
0500000US55025,55025,"Dane County, Wisconsin",182566,2302,112931,2427,69635,2957
0500000US55027,55027,"Dodge County, Wisconsin",32159,1023,23319,1178,8840,1081
0500000US55035,55035,"Eau Claire County, Wisconsin",37884,1061,21825,1088,16059,1361
0500000US55039,55039,"Fond du Lac County, Wisconsin",39326,751,28627,1183,10699,1282
0500000US55055,55055,"Jefferson County, Wisconsin",30178,1127,21763,1005,8415,1146
0500000US55059,55059,"Kenosha County, Wisconsin",51399,1586,37352,1930,14047,1733
0500000US55063,55063,"La Crosse County, Wisconsin",43873,949,29364,1263,14509,1386
0500000US55071,55071,"Manitowoc County, Wisconsin",31289,1024,24247,1082,7042,1011
0500000US55073,55073,"Marathon County, Wisconsin",51597,1068,40069,1130,11528,1280
0500000US55079,55079,"Milwaukee County, Wisconsin",233510,2639,141805,2915,91705,3343
0500000US55087,55087,"Outagamie County, Wisconsin",66367,1086,46216,1656,20151,1809
0500000US55089,55089,"Ozaukee County, Wisconsin",33006,919,24490,1113,8516,1090
0500000US55097,55097,"Portage County, Wisconsin",26540,864,18043,764,8497,777
0500000US55101,55101,"Racine County, Wisconsin",61210,1365,46671,1531,14539,1628
0500000US55105,55105,"Rock County, Wisconsin",55560,1347,39630,1418,15930,1742
0500000US55109,55109,"St. Croix County, Wisconsin",31492,690,24207,1047,7285,1151
0500000US55117,55117,"Sheboygan County, Wisconsin",42599,1117,30819,1314,11780,1366
0500000US55127,55127,"Walworth County, Wisconsin",36363,1142,23962,1086,12401,1228
0500000US55131,55131,"Washington County, Wisconsin",52085,878,41039,1433,11046,1553
0500000US55133,55133,"Waukesha County, Wisconsin",143270,1749,112167,2078,31103,1866
0500000US55139,55139,"Winnebago County, Wisconsin",64968,1297,43061,1695,21907,1621
0500000US55141,55141,"Wood County, Wisconsin",30871,595,23130,899,7741,950
0500000US56021,56021,"Laramie County, Wyoming",31753,1187,22714,1186,9039,1205
0500000US56025,56025,"Natrona County, Wyoming",29771,973,18884,1106,10887,1247
