GEO.id,GEO.id2,GEO.display-label,HD01_VD01,HD02_VD01,HD01_VD02,HD02_VD02,HD01_VD03,HD02_VD03,HD01_VD04,HD02_VD04,HD01_VD05,HD02_VD05,HD01_VD06,HD02_VD06,HD01_VD07,HD02_VD07,HD01_VD08,HD02_VD08,HD01_VD09,HD02_VD09,HD01_VD10,HD02_VD10,HD01_VD11,HD02_VD11,HD01_VD12,HD02_VD12
Id,Id2,Geography,Estimate; Aggregate travel time to work (in minutes):,Margin of Error; Aggregate travel time to work (in minutes):,"Estimate; Car, truck, or van:","Margin of Error; Car, truck, or van:","Estimate; Car, truck, or van: - Drove alone","Margin of Error; Car, truck, or van: - Drove alone","Estimate; Car, truck, or van: - Carpooled:","Margin of Error; Car, truck, or van: - Carpooled:","Estimate; Car, truck, or van: - Carpooled: - In 2-person carpool","Margin of Error; Car, truck, or van: - Carpooled: - In 2-person carpool","Estimate; Car, truck, or van: - Carpooled: - In 3-or-more-person carpool","Margin of Error; Car, truck, or van: - Carpooled: - In 3-or-more-person carpool",Estimate; Public transportation (excluding taxicab):,Margin of Error; Public transportation (excluding taxicab):,Estimate; Public transportation (excluding taxicab): - Bus or trolley bus,Margin of Error; Public transportation (excluding taxicab): - Bus or trolley bus,"Estimate; Public transportation (excluding taxicab): - Streetcar or trolley car (carro publico in Puerto Rico), subway or elevated","Margin of Error; Public transportation (excluding taxicab): - Streetcar or trolley car (carro publico in Puerto Rico), subway or elevated",Estimate; Public transportation (excluding taxicab): - Railroad or ferryboat,Margin of Error; Public transportation (excluding taxicab): - Railroad or ferryboat,Estimate; Walked,Margin of Error; Walked,"Estimate; Taxicab, motorcycle, bicycle, or other means","Margin of Error; Taxicab, motorcycle, bicycle, or other means"
1400000US21111000300,21111000300,"Census Tract 3, Jefferson County, Kentucky",15995,4860,10790,3741,8260,2566,2530,2609,2530,2609,-,**,2240,1721,2240,1721,-,**,-,**,385,413,2580,2574
1400000US21111001700,21111001700,"Census Tract 17, Jefferson County, Kentucky",20740,4107,13140,3337,12750,3307,390,362,390,362,-,**,6175,3139,6175,3139,-,**,-,**,655,695,765,709
1400000US21111002100,21111002100,"Census Tract 21, Jefferson County, Kentucky",14045,3907,8520,2617,7065,2105,1455,1075,795,535,660,870,3490,3106,3490,3106,-,**,-,**,595,788,1440,1111
1400000US21111003500,21111003500,"Census Tract 35, Jefferson County, Kentucky",48660,13330,26830,9651,24630,9639,2200,1463,1970,1408,230,185,14355,5814,14355,5814,-,**,-,**,3775,2772,3705,3298
1400000US21111003700,21111003700,"Census Tract 37, Jefferson County, Kentucky",14035,3458,10545,3011,7980,2376,2565,1740,1575,1296,990,876,900,767,900,767,-,**,-,**,545,488,2045,1333
1400000US21111004000,21111004000,"Census Tract 40, Jefferson County, Kentucky",12340,2348,10525,2207,9785,2213,740,454,460,365,280,268,1145,1069,1145,1069,-,**,-,**,395,339,275,264
1400000US21111005200,21111005200,"Census Tract 52, Jefferson County, Kentucky",51120,7861,38835,6455,36295,6648,2540,2225,2540,2225,-,**,9405,6195,9405,6195,-,**,-,**,2880,1518,-,**
1400000US21111005600,21111005600,"Census Tract 56, Jefferson County, Kentucky",39700,9383,28545,5816,21390,4753,7155,3650,4660,2293,2495,2522,8440,5495,8440,5495,-,**,-,**,1305,994,1410,1164
1400000US21111006300,21111006300,"Census Tract 63, Jefferson County, Kentucky",15770,3097,13250,2762,11720,2595,1530,941,1345,918,185,235,365,416,365,416,-,**,-,**,345,489,1810,1480
1400000US21111006400,21111006400,"Census Tract 64, Jefferson County, Kentucky",17160,2400,14665,2465,12900,2322,1765,1198,1060,1003,705,642,1335,961,1335,961,-,**,-,**,710,525,450,458
1400000US21111007400,21111007400,"Census Tract 74, Jefferson County, Kentucky",23585,5798,20475,5559,19535,5534,940,785,940,785,-,**,2660,1503,2660,1503,-,**,-,**,445,417,-,**
1400000US21111007603,21111007603,"Census Tract 76.03, Jefferson County, Kentucky",26110,3959,21000,2746,18485,2601,2520,1174,2520,1174,-,**,4735,3337,4735,3337,-,**,-,**,375,426,-,**
1400000US21111007800,21111007800,"Census Tract 78, Jefferson County, Kentucky",31340,4373,28655,3799,25180,3657,3475,1695,2830,1645,645,805,325,355,325,355,-,**,-,**,105,78,2255,1952
1400000US21111008100,21111008100,"Census Tract 81, Jefferson County, Kentucky",31655,5849,28930,5948,25720,5544,3210,1880,3210,1880,-,**,1010,915,1010,915,-,**,-,**,1195,736,520,533
1400000US21111008200,21111008200,"Census Tract 82, Jefferson County, Kentucky",43185,5059,37930,5093,36195,5128,1740,1187,1740,1187,-,**,2375,2065,2375,2065,-,**,-,**,1490,1605,1390,1064
1400000US21111008800,21111008800,"Census Tract 88, Jefferson County, Kentucky",32470,3934,30320,4167,27355,3868,2965,1821,1165,894,1800,1550,1265,1182,1265,1182,-,**,-,**,65,75,820,730
1400000US21111010008,21111010008,"Census Tract 100.08, Jefferson County, Kentucky",41800,4639,39050,4520,36165,4641,2885,935,1680,568,1205,725,1560,1231,1560,1231,-,**,-,**,655,587,530,443
1400000US21111010315,21111010315,"Census Tract 103.15, Jefferson County, Kentucky",36160,4948,36160,4948,33990,4994,2170,1967,2170,1967,-,**,-,**,-,**,-,**,-,**,-,**,-,**
1400000US21111010320,21111010320,"Census Tract 103.20, Jefferson County, Kentucky",45065,6022,40460,5777,36730,5527,3730,1614,3540,1599,190,214,4250,3091,4250,3091,-,**,-,**,355,511,-,**
1400000US21111010402,21111010402,"Census Tract 104.02, Jefferson County, Kentucky",63555,7305,62575,7137,58155,6973,4420,3340,3995,3352,425,309,870,892,870,892,-,**,-,**,110,99,-,**
1400000US21111010901,21111010901,"Census Tract 109.01, Jefferson County, Kentucky",58320,15437,56155,15526,52150,15501,4005,3295,2205,2039,1800,2520,-,**,-,**,-,**,-,**,945,1378,1220,1244
1400000US21111011002,21111011002,"Census Tract 110.02, Jefferson County, Kentucky",57640,13606,47860,10290,31925,5478,15935,10908,7365,5376,8565,8730,4855,4200,4855,4200,-,**,-,**,650,602,4275,5215
1400000US21111011404,21111011404,"Census Tract 114.04, Jefferson County, Kentucky",31745,6173,27800,5942,23565,4447,4235,3418,1675,1142,2560,3166,2620,2423,2620,2423,-,**,-,**,280,350,1045,999
1400000US21111012501,21111012501,"Census Tract 125.01, Jefferson County, Kentucky",26330,6085,21490,5364,18440,4932,3050,2585,3050,2585,-,**,4840,3127,4840,3127,-,**,-,**,-,**,-,**
1400000US21111013100,21111013100,"Census Tract 131, Jefferson County, Kentucky",21420,2283,20320,2134,19460,2150,860,337,755,365,100,83,145,131,145,131,-,**,-,**,185,191,770,530
1400000US21111980100,21111980100,"Census Tract 9801, Jefferson County, Kentucky",-,**,-,**,-,**,-,**,-,**,-,**,-,**,-,**,-,**,-,**,-,**,-,**
