GEO.id,Id
GEO.id2,Id2
GEO.display-label,Geography
HD01_VD01,Estimate; Aggregate travel time to work (in minutes):
HD02_VD01,Margin of Error; Aggregate travel time to work (in minutes):
HD01_VD02,"Estimate; Car, truck, or van:"
HD02_VD02,"Margin of Error; Car, truck, or van:"
HD01_VD03,"Estimate; Car, truck, or van: - Drove alone"
HD02_VD03,"Margin of Error; Car, truck, or van: - Drove alone"
HD01_VD04,"Estimate; Car, truck, or van: - Carpooled:"
HD02_VD04,"Margin of Error; Car, truck, or van: - Carpooled:"
HD01_VD05,"Estimate; Car, truck, or van: - Carpooled: - In 2-person carpool"
HD02_VD05,"Margin of Error; Car, truck, or van: - Carpooled: - In 2-person carpool"
HD01_VD06,"Estimate; Car, truck, or van: - Carpooled: - In 3-or-more-person carpool"
HD02_VD06,"Margin of Error; Car, truck, or van: - Carpooled: - In 3-or-more-person carpool"
HD01_VD07,Estimate; Public transportation (excluding taxicab):
HD02_VD07,Margin of Error; Public transportation (excluding taxicab):
HD01_VD08,Estimate; Public transportation (excluding taxicab): - Bus or trolley bus
HD02_VD08,Margin of Error; Public transportation (excluding taxicab): - Bus or trolley bus
HD01_VD09,"Estimate; Public transportation (excluding taxicab): - Streetcar or trolley car (carro publico in Puerto Rico), subway or elevated"
HD02_VD09,"Margin of Error; Public transportation (excluding taxicab): - Streetcar or trolley car (carro publico in Puerto Rico), subway or elevated"
HD01_VD10,Estimate; Public transportation (excluding taxicab): - Railroad or ferryboat
HD02_VD10,Margin of Error; Public transportation (excluding taxicab): - Railroad or ferryboat
HD01_VD11,Estimate; Walked
HD02_VD11,Margin of Error; Walked
HD01_VD12,"Estimate; Taxicab, motorcycle, bicycle, or other means"
HD02_VD12,"Margin of Error; Taxicab, motorcycle, bicycle, or other means"
